[
    {
        "set_num": "41347-1",
        "name": "Heartlake City Resort",
        "year": "2018",
        "theme_id": "494",
        "num_parts": "1019",
        "img_url": "https://cdn.rebrickable.com/media/sets/41347-1.jpg"
    },
    {
        "set_num": "41348-1",
        "name": "Service & Care Truck",
        "year": "2018",
        "theme_id": "494",
        "num_parts": "255",
        "img_url": "https://cdn.rebrickable.com/media/sets/41348-1.jpg"
    },
    {
        "set_num": "41349-1",
        "name": "Drifting Diner",
        "year": "2018",
        "theme_id": "494",
        "num_parts": "345",
        "img_url": "https://cdn.rebrickable.com/media/sets/41349-1.jpg"
    },
    {
        "set_num": "41350-1",
        "name": "Spinning Brushes Car Wash",
        "year": "2018",
        "theme_id": "494",
        "num_parts": "325",
        "img_url": "https://cdn.rebrickable.com/media/sets/41350-1.jpg"
    },
    {
        "set_num": "4135-1",
        "name": "Freestyle Garden Friends",
        "year": "1996",
        "theme_id": "399",
        "num_parts": "121",
        "img_url": "https://cdn.rebrickable.com/media/sets/4135-1.jpg"
    },
    {
        "set_num": "41351-1",
        "name": "Creative Tuning Shop",
        "year": "2018",
        "theme_id": "494",
        "num_parts": "421",
        "img_url": "https://cdn.rebrickable.com/media/sets/41351-1.jpg"
    },
    {
        "set_num": "41352-1",
        "name": "The Big Race Day",
        "year": "2018",
        "theme_id": "494",
        "num_parts": "648",
        "img_url": "https://cdn.rebrickable.com/media/sets/41352-1.jpg"
    },
    {
        "set_num": "41353-1",
        "name": "Friends Advent Calendar 2018",
        "year": "2018",
        "theme_id": "216",
        "num_parts": "500",
        "img_url": "https://cdn.rebrickable.com/media/sets/41353-1.jpg"
    },
    {
        "set_num": "41354-1",
        "name": "Andrea's Heart Box",
        "year": "2019",
        "theme_id": "494",
        "num_parts": "84",
        "img_url": "https://cdn.rebrickable.com/media/sets/41354-1.jpg"
    },
    {
        "set_num": "41355-1",
        "name": "Emma's Heart Box",
        "year": "2019",
        "theme_id": "494",
        "num_parts": "85",
        "img_url": "https://cdn.rebrickable.com/media/sets/41355-1.jpg"
    },
    {
        "set_num": "41356-1",
        "name": "Stephanie's Heart Box",
        "year": "2019",
        "theme_id": "494",
        "num_parts": "85",
        "img_url": "https://cdn.rebrickable.com/media/sets/41356-1.jpg"
    },
    {
        "set_num": "41357-1",
        "name": "Olivia's Heart Box",
        "year": "2019",
        "theme_id": "494",
        "num_parts": "85",
        "img_url": "https://cdn.rebrickable.com/media/sets/41357-1.jpg"
    },
    {
        "set_num": "41358-1",
        "name": "Mia's Heart Box",
        "year": "2019",
        "theme_id": "494",
        "num_parts": "83",
        "img_url": "https://cdn.rebrickable.com/media/sets/41358-1.jpg"
    },
    {
        "set_num": "41359-1",
        "name": "Heart Box Friendship Pack",
        "year": "2019",
        "theme_id": "494",
        "num_parts": "199",
        "img_url": "https://cdn.rebrickable.com/media/sets/41359-1.jpg"
    },
    {
        "set_num": "41360-1",
        "name": "Emma's Mobile Vet Clinic",
        "year": "2019",
        "theme_id": "494",
        "num_parts": "50",
        "img_url": "https://cdn.rebrickable.com/media/sets/41360-1.jpg"
    },
    {
        "set_num": "41361-1",
        "name": "Mia's Foal Stable",
        "year": "2019",
        "theme_id": "494",
        "num_parts": "118",
        "img_url": "https://cdn.rebrickable.com/media/sets/41361-1.jpg"
    },
    {
        "set_num": "41362-1",
        "name": "Heartlake City Supermarket",
        "year": "2019",
        "theme_id": "494",
        "num_parts": "139",
        "img_url": "https://cdn.rebrickable.com/media/sets/41362-1.jpg"
    },
    {
        "set_num": "41363-1",
        "name": "Mia's Forest Adventure",
        "year": "2019",
        "theme_id": "494",
        "num_parts": "134",
        "img_url": "https://cdn.rebrickable.com/media/sets/41363-1.jpg"
    },
    {
        "set_num": "41364-1",
        "name": "Stephanie's Buggy & Trailer",
        "year": "2019",
        "theme_id": "494",
        "num_parts": "166",
        "img_url": "https://cdn.rebrickable.com/media/sets/41364-1.jpg"
    },
    {
        "set_num": "41365-1",
        "name": "Emma's Art Studio",
        "year": "2019",
        "theme_id": "494",
        "num_parts": "235",
        "img_url": "https://cdn.rebrickable.com/media/sets/41365-1.jpg"
    },
    {
        "set_num": "41366-1",
        "name": "Olivia's Cupcake Cafe",
        "year": "2019",
        "theme_id": "494",
        "num_parts": "335",
        "img_url": "https://cdn.rebrickable.com/media/sets/41366-1.jpg"
    },
    {
        "set_num": "41367-1",
        "name": "Stephanie's Horse Jumping",
        "year": "2019",
        "theme_id": "494",
        "num_parts": "352",
        "img_url": "https://cdn.rebrickable.com/media/sets/41367-1.jpg"
    },
    {
        "set_num": "41368-1",
        "name": "Andrea's Talent Show",
        "year": "2019",
        "theme_id": "494",
        "num_parts": "492",
        "img_url": "https://cdn.rebrickable.com/media/sets/41368-1.jpg"
    },
    {
        "set_num": "41369-1",
        "name": "Mia's House",
        "year": "2019",
        "theme_id": "494",
        "num_parts": "725",
        "img_url": "https://cdn.rebrickable.com/media/sets/41369-1.jpg"
    },
    {
        "set_num": "4137-1",
        "name": "Small Freestyle Clearpack",
        "year": "1997",
        "theme_id": "399",
        "num_parts": "127",
        "img_url": "https://cdn.rebrickable.com/media/sets/4137-1.jpg"
    },
    {
        "set_num": "41371-1",
        "name": "Mia's Horse Trailer",
        "year": "2019",
        "theme_id": "494",
        "num_parts": "216",
        "img_url": "https://cdn.rebrickable.com/media/sets/41371-1.jpg"
    },
    {
        "set_num": "41372-1",
        "name": "Stephanie's Gymnastics Show",
        "year": "2019",
        "theme_id": "494",
        "num_parts": "242",
        "img_url": "https://cdn.rebrickable.com/media/sets/41372-1.jpg"
    },
    {
        "set_num": "41373-1",
        "name": "Funny Octopus Ride",
        "year": "2019",
        "theme_id": "494",
        "num_parts": "324",
        "img_url": "https://cdn.rebrickable.com/media/sets/41373-1.jpg"
    },
    {
        "set_num": "41374-1",
        "name": "Andrea's Pool Party",
        "year": "2019",
        "theme_id": "494",
        "num_parts": "468",
        "img_url": "https://cdn.rebrickable.com/media/sets/41374-1.jpg"
    },
    {
        "set_num": "41375-1",
        "name": "Heartlake City Amusement Pier",
        "year": "2019",
        "theme_id": "494",
        "num_parts": "1267",
        "img_url": "https://cdn.rebrickable.com/media/sets/41375-1.jpg"
    },
    {
        "set_num": "41376-1",
        "name": "Turtles Rescue Mission",
        "year": "2019",
        "theme_id": "494",
        "num_parts": "225",
        "img_url": "https://cdn.rebrickable.com/media/sets/41376-1.jpg"
    },
    {
        "set_num": "41378-1",
        "name": "Dolphins Rescue Mission",
        "year": "2019",
        "theme_id": "494",
        "num_parts": "374",
        "img_url": "https://cdn.rebrickable.com/media/sets/41378-1.jpg"
    },
    {
        "set_num": "41379-1",
        "name": "Heartlake City Restaurant",
        "year": "2019",
        "theme_id": "494",
        "num_parts": "640",
        "img_url": "https://cdn.rebrickable.com/media/sets/41379-1.jpg"
    },
    {
        "set_num": "41380-1",
        "name": "Lighthouse Rescue Center",
        "year": "2019",
        "theme_id": "494",
        "num_parts": "622",
        "img_url": "https://cdn.rebrickable.com/media/sets/41380-1.jpg"
    },
    {
        "set_num": "41381-1",
        "name": "Rescue Mission Boat",
        "year": "2019",
        "theme_id": "494",
        "num_parts": "928",
        "img_url": "https://cdn.rebrickable.com/media/sets/41381-1.jpg"
    },
    {
        "set_num": "41382-1",
        "name": "Friends Advent Calendar 2019",
        "year": "2019",
        "theme_id": "216",
        "num_parts": "330",
        "img_url": "https://cdn.rebrickable.com/media/sets/41382-1.jpg"
    },
    {
        "set_num": "41383-1",
        "name": "Olivia's Hamster Playground",
        "year": "2019",
        "theme_id": "494",
        "num_parts": "81",
        "img_url": "https://cdn.rebrickable.com/media/sets/41383-1.jpg"
    },
    {
        "set_num": "41384-1",
        "name": "Andrea's Summer Heart Box",
        "year": "2019",
        "theme_id": "494",
        "num_parts": "83",
        "img_url": "https://cdn.rebrickable.com/media/sets/41384-1.jpg"
    },
    {
        "set_num": "41385-1",
        "name": "Emma's Summer Heart Box",
        "year": "2019",
        "theme_id": "494",
        "num_parts": "86",
        "img_url": "https://cdn.rebrickable.com/media/sets/41385-1.jpg"
    },
    {
        "set_num": "41386-1",
        "name": "Stephanie's Summer Heart Box",
        "year": "2019",
        "theme_id": "494",
        "num_parts": "95",
        "img_url": "https://cdn.rebrickable.com/media/sets/41386-1.jpg"
    },
    {
        "set_num": "41387-1",
        "name": "Olivia's Summer Heart Box",
        "year": "2019",
        "theme_id": "494",
        "num_parts": "93",
        "img_url": "https://cdn.rebrickable.com/media/sets/41387-1.jpg"
    },
    {
        "set_num": "41388-1",
        "name": "Mia's Summer Heart Box",
        "year": "2019",
        "theme_id": "494",
        "num_parts": "85",
        "img_url": "https://cdn.rebrickable.com/media/sets/41388-1.jpg"
    },
    {
        "set_num": "41389-1",
        "name": "Ice Cream Cart",
        "year": "2020",
        "theme_id": "494",
        "num_parts": "97",
        "img_url": "https://cdn.rebrickable.com/media/sets/41389-1.jpg"
    },
    {
        "set_num": "41390-1",
        "name": "Andrea's Car & Stage",
        "year": "2020",
        "theme_id": "494",
        "num_parts": "240",
        "img_url": "https://cdn.rebrickable.com/media/sets/41390-1.jpg"
    },
    {
        "set_num": "4139-1",
        "name": "Freestyle Bucket",
        "year": "1997",
        "theme_id": "399",
        "num_parts": "249",
        "img_url": "https://cdn.rebrickable.com/media/sets/4139-1.jpg"
    },
    {
        "set_num": "41391-1",
        "name": "Heartlake City Hair Salon",
        "year": "2020",
        "theme_id": "494",
        "num_parts": "235",
        "img_url": "https://cdn.rebrickable.com/media/sets/41391-1.jpg"
    },
    {
        "set_num": "41392-1",
        "name": "Nature Glamping",
        "year": "2020",
        "theme_id": "494",
        "num_parts": "241",
        "img_url": "https://cdn.rebrickable.com/media/sets/41392-1.jpg"
    },
    {
        "set_num": "41393-1",
        "name": "Baking Competition",
        "year": "2020",
        "theme_id": "494",
        "num_parts": "361",
        "img_url": "https://cdn.rebrickable.com/media/sets/41393-1.jpg"
    }
]